{
  "GET /products/categories" : {
    "transaction" : "GET /products/categories",
    "sampleCount" : 2480,
    "errorCount" : 916,
    "errorPct" : 36.935482,
    "meanResTime" : 770.8149193548386,
    "medianResTime" : 205.0,
    "minResTime" : 0.0,
    "maxResTime" : 469591.0,
    "pct1ResTime" : 273.0,
    "pct2ResTime" : 298.9499999999998,
    "pct3ResTime" : 346.19000000000005,
    "throughput" : 3.722119747196028,
    "receivedKBytesPerSec" : 4.768265331793956,
    "sentKBytesPerSec" : 0.31404799095584934
  },
  "GET /products" : {
    "transaction" : "GET /products",
    "sampleCount" : 2485,
    "errorCount" : 891,
    "errorPct" : 35.85513,
    "meanResTime" : 474.1018108651914,
    "medianResTime" : 208.0,
    "minResTime" : 0.0,
    "maxResTime" : 469591.0,
    "pct1ResTime" : 309.0,
    "pct2ResTime" : 397.39999999999964,
    "pct3ResTime" : 988.239999999998,
    "throughput" : 3.702776560902852,
    "receivedKBytesPerSec" : 29.20082637526113,
    "sentKBytesPerSec" : 0.29225370016897173
  },
  "GET /products/1" : {
    "transaction" : "GET /products/1",
    "sampleCount" : 2484,
    "errorCount" : 899,
    "errorPct" : 36.191628,
    "meanResTime" : 583.5559581320447,
    "medianResTime" : 205.0,
    "minResTime" : 0.0,
    "maxResTime" : 469542.0,
    "pct1ResTime" : 277.5,
    "pct2ResTime" : 301.0,
    "pct3ResTime" : 375.75000000000045,
    "throughput" : 3.714098172406523,
    "receivedKBytesPerSec" : 5.425408224656588,
    "sentKBytesPerSec" : 0.29623820467312495
  },
  "Total" : {
    "transaction" : "Total",
    "sampleCount" : 10931,
    "errorCount" : 4614,
    "errorPct" : 42.210228,
    "meanResTime" : 588.6095508187738,
    "medianResTime" : 209.0,
    "minResTime" : 0.0,
    "maxResTime" : 469591.0,
    "pct1ResTime" : 325.0,
    "pct2ResTime" : 366.0,
    "pct3ResTime" : 638.7200000000012,
    "throughput" : 16.278650708198,
    "receivedKBytesPerSec" : 52.859926034225225,
    "sentKBytesPerSec" : 1.367920184015321
  },
  "\"GET Products API\" " : {
    "transaction" : "\"GET Products API\" ",
    "sampleCount" : 1000,
    "errorCount" : 1000,
    "errorPct" : 100.0,
    "meanResTime" : 255.3910000000003,
    "medianResTime" : 228.0,
    "minResTime" : 197.0,
    "maxResTime" : 1860.0,
    "pct1ResTime" : 309.0,
    "pct2ResTime" : 357.0,
    "pct3ResTime" : 741.97,
    "throughput" : 16.413892718797193,
    "receivedKBytesPerSec" : 23.25217048084499,
    "sentKBytesPerSec" : 2.067765781957849
  },
  "GET /users" : {
    "transaction" : "GET /users",
    "sampleCount" : 2482,
    "errorCount" : 908,
    "errorPct" : 36.5834,
    "meanResTime" : 660.5088638195009,
    "medianResTime" : 304.0,
    "minResTime" : 0.0,
    "maxResTime" : 469591.0,
    "pct1ResTime" : 374.0,
    "pct2ResTime" : 397.0,
    "pct3ResTime" : 439.1700000000001,
    "throughput" : 3.717778380264918,
    "receivedKBytesPerSec" : 11.497390489276562,
    "sentKBytesPerSec" : 0.2831989267948167
  }
}